[
   {
      "components": {
         "PhysicsBody": {
            "body": "platform body.json",
            "pos": [
               0,
               0
            ],
            "scale": [
               32,
               8
            ]
         },
         "PlatformRendering": { },
         "Transform": { }
      }
   },
   {
      "components": {
         "PhysicsBody": {
            "body": "platform body.json",
            "pos": [
               0,
               10
            ],
            "scale": [
               32,
               8
            ]
         },
         "PlatformRendering": { },
         "Transform": { }
      }
   },
   {
      "components": {
         "PhysicsBody": {
            "body": "platform body.json",
            "pos": [
               0,
               8
            ],
            "scale": [
               1,
               2
            ]
         },
         "PlatformRendering": { },
         "Transform": { }
      }
   },
   {
      "components": {
         "PhysicsBody": {
            "body": "platform body.json",
            "pos": [
               31,
               8
            ],
            "scale": [
               1,
               2
            ]
         },
         "PlatformRendering": { },
         "Transform": { }
      }
   },
   {
      "components": {
         "Collision": { },
         "PhysicsBody": {
            "body": "player body.json",
            "pos": [
               1,
               8
            ]
         },
         "PlayerInput": { },
         "PlayerJump": { },
         "PlayerKeys": { },
         "PlayerRendering": { },
         "Transform": { }
      }
   },
   {
      "components": {
         "Activation": { },
         "Animation": {
            "speed": 1.5
         },
         "Collision": { },
         "Exit": { },
         "ExitRendering": { },
         "PhysicsBody": {
            "body": "sensor body.json",
            "pos": [
               30,
               8
            ]
         },
         "Transform": { }
      }
   },
   {
      "components": {
         "Activation": {
            "speed": 4
         },
         "Door": { },
         "DoorRendering": { },
         "PhysicsBody": {
            "body": "door body.json",
            "pos": [
               22,
               10
            ],
            "rotation": 180,
            "scale": [
               1,
               2
            ]
         },
         "PowerInput": {
            "in": 0
         },
         "Transform": { }
      }
   },
   {
      "components": {
         "Activation": {
            "speed": 4
         },
         "Collision": { },
         "PhysicsBody": {
            "body": "sensor body.json",
            "pos": [
               11,
               8
            ],
            "rotation": 0
         },
         "PowerOutput": { },
         "Switch": { },
         "SwitchRendering": { },
         "Transform": { }
      },
      "id": 0
   },
   {
      "components": {
         "Text": "Press space to toggle switches",
         "TextRendering": {
            "font": "Arial.ttf",
            "hori align": "center",
            "size": 32,
            "vert align": "middle"
         },
         "Transform": {
            "pos": [
               16,
               11
            ]
         }
      }
   }
]
