[
   {
      "components": {
         "PhysicsBody": {
            "body": "platform body.json",
            "pos": [
               0,
               0
            ],
            "scale": [
               32,
               4
            ]
         },
         "PlatformRendering": { },
         "Transform": { }
      }
   },
   {
      "components": {
         "PhysicsBody": {
            "body": "platform body.json",
            "pos": [
               1,
               8
            ],
            "scale": [
               30,
               2
            ]
         },
         "PlatformRendering": { },
         "Transform": { }
      }
   },
   {
      "components": {
         "PhysicsBody": {
            "body": "platform body.json",
            "pos": [
               0,
               14
            ],
            "scale": [
               32,
               4
            ]
         },
         "PlatformRendering": { },
         "Transform": { }
      }
   },
   {
      "components": {
         "PhysicsBody": {
            "body": "platform body.json",
            "pos": [
               0,
               4
            ],
            "scale": [
               1,
               10
            ]
         },
         "PlatformRendering": { },
         "Transform": { }
      }
   },
   {
      "components": {
         "PhysicsBody": {
            "body": "platform body.json",
            "pos": [
               31,
               4
            ],
            "scale": [
               1,
               10
            ]
         },
         "PlatformRendering": { },
         "Transform": { }
      }
   },
   {
      "components": {
         "Collision": { },
         "PhysicsBody": {
            "body": "player body.json",
            "pos": [
               1,
               4
            ]
         },
         "PlayerInput": { },
         "PlayerJump": { },
         "PlayerKeys": { },
         "PlayerRendering": { },
         "Transform": { }
      }
   },
   {
      "components": {
         "Activation": { },
         "Animation": {
            "speed": 1.5
         },
         "Collision": { },
         "Exit": { },
         "ExitRendering": { },
         "PhysicsBody": {
            "body": "sensor body.json",
            "pos": [
               30,
               4
            ]
         },
         "Transform": { }
      }
   },
   {
      "components": {
         "Activation": {
            "speed": 4
         },
         "Door": { },
         "DoorRendering": { },
         "PhysicsBody": {
            "body": "door body.json",
            "pos": [
               25,
               4
            ],
            "rotation": 0,
            "scale": [
               1,
               4
            ]
         },
         "PowerInput": {
            "in": 5
         },
         "Transform": { }
      }
   },
   {
      "components": {
         "Activation": {
            "speed": 4
         },
         "Collision": { },
         "PhysicsBody": {
            "body": "sensor body.json",
            "pos": [
               11,
               4
            ],
            "rotation": 0
         },
         "PowerOutput": { },
         "Switch": { },
         "SwitchRendering": { },
         "Transform": { }
      },
      "id": 0
   },
   {
      "components": {
         "Activation": {
            "speed": 4
         },
         "Collision": { },
         "PhysicsBody": {
            "body": "sensor body.json",
            "pos": [
               14,
               4
            ],
            "rotation": 0
         },
         "PowerOutput": { },
         "Switch": { },
         "SwitchRendering": { },
         "Transform": { }
      },
      "id": 1
   },
   {
      "components": {
         "Activation": {
            "speed": 4
         },
         "Collision": { },
         "PhysicsBody": {
            "body": "sensor body.json",
            "pos": [
               17,
               4
            ],
            "rotation": 0
         },
         "PowerOutput": { },
         "Switch": { },
         "SwitchRendering": { },
         "Transform": { }
      },
      "id": 2
   },
   {
      "components": {
         "Activation": {
            "speed": 4
         },
         "Collision": { },
         "PhysicsBody": {
            "body": "sensor body.json",
            "pos": [
               20,
               4
            ],
            "rotation": 0
         },
         "PowerOutput": { },
         "Switch": { },
         "SwitchRendering": { },
         "Transform": { }
      },
      "id": 3
   },
   {
      "components": {
         "Activation": {
            "active": true
         },
         "LaserEmitterRendering": { },
         "PhysicsRayCast": {
            "end": [
               31,
               12
            ],
            "start": [
               1,
               12
            ]
         },
         "PowerInput": {
            "on": true
         },
         "Transform": {
            "pos": [
               1,
               12.5
            ],
            "rotation": 270
         }
      },
      "id": 4
   },
   {
      "components": {
         "Activation": { },
         "LaserDetector": {
            "emitter": 4
         },
         "LaserDetectorRendering": { },
         "PowerOutput": { },
         "Transform": {
            "pos": [
               31,
               11.5
            ],
            "rotation": 90
         }
      },
      "id": 5
   },
   {
      "components": {
         "Activation": {
            "speed": 4
         },
         "Door": { },
         "DoorRendering": { },
         "PhysicsBody": {
            "body": "door body.json",
            "pos": [
               5,
               10
            ],
            "rotation": 0,
            "scale": [
               1,
               4
            ]
         },
         "PowerInput": {
            "in": [
               0,
               1
            ],
            "operator": "or"
         },
         "Transform": { }
      }
   },
   {
      "components": {
         "Activation": {
            "speed": 4
         },
         "Door": { },
         "DoorRendering": { },
         "PhysicsBody": {
            "body": "door body.json",
            "pos": [
               12,
               10
            ],
            "rotation": 0,
            "scale": [
               1,
               4
            ]
         },
         "PowerInput": {
            "in": [
               0,
               2
            ],
            "operator": "xor"
         },
         "Transform": { }
      }
   },
   {
      "components": {
         "Activation": {
            "speed": 4
         },
         "Door": { },
         "DoorRendering": { },
         "PhysicsBody": {
            "body": "door body.json",
            "pos": [
               19,
               10
            ],
            "rotation": 0,
            "scale": [
               1,
               4
            ]
         },
         "PowerInput": {
            "in": 2
         },
         "Transform": { }
      }
   },
   {
      "components": {
         "Activation": {
            "speed": 4
         },
         "Door": { },
         "DoorRendering": { },
         "PhysicsBody": {
            "body": "door body.json",
            "pos": [
               26,
               10
            ],
            "rotation": 0,
            "scale": [
               1,
               4
            ]
         },
         "PowerInput": {
            "in": 3,
            "operator": "not"
         },
         "Transform": { }
      }
   }
]
