[
   {
      "components": {
         "PhysicsBody": {
            "body": "platform body.json",
            "pos": [
               0,
               0
            ],
            "scale": [
               32,
               1
            ]
         },
         "PlatformRendering": { },
         "Transform": { }
      }
   },
   {
      "components": {
         "PhysicsBody": {
            "body": "platform body.json",
            "pos": [
               1,
               8
            ],
            "scale": [
               30,
               2
            ]
         },
         "PlatformRendering": { },
         "Transform": { }
      }
   },
   {
      "components": {
         "PhysicsBody": {
            "body": "platform body.json",
            "pos": [
               0,
               17
            ],
            "scale": [
               32,
               1
            ]
         },
         "PlatformRendering": { },
         "Transform": { }
      }
   },
   {
      "components": {
         "PhysicsBody": {
            "body": "platform body.json",
            "pos": [
               0,
               1
            ],
            "scale": [
               1,
               16
            ]
         },
         "PlatformRendering": { },
         "Transform": { }
      }
   },
   {
      "components": {
         "PhysicsBody": {
            "body": "platform body.json",
            "pos": [
               31,
               1
            ],
            "scale": [
               1,
               16
            ]
         },
         "PlatformRendering": { },
         "Transform": { }
      }
   },
   {
      "components": {
         "PhysicsBody": {
            "body": "platform body.json",
            "pos": [
               29,
               2
            ],
            "scale": [
               3,
               1
            ]
         },
         "PlatformRendering": { },
         "Transform": { }
      }
   },
   {
      "components": {
         "Collision": { },
         "PhysicsBody": {
            "body": "player body.json",
            "pos": [
               15,
               4
            ]
         },
         "PlayerInput": { },
         "PlayerJump": { },
         "PlayerKeys": { },
         "PlayerRendering": { },
         "Transform": { }
      }
   },
   {
      "components": {
         "Activation": { },
         "Animation": {
            "speed": 1.5
         },
         "Collision": { },
         "Exit": { },
         "ExitRendering": { },
         "PhysicsBody": {
            "body": "sensor body.json",
            "pos": [
               30,
               1
            ]
         },
         "Transform": { }
      }
   },
   {
      "components": {
         "BoxRendering": { },
         "PhysicsBody": {
            "body": "box body.json",
            "pos": [
               1,
               14
            ],
            "scale": [
               3,
               3
            ]
         },
         "Transform": { }
      }
   },
   {
      "components": {
         "Activation": {
            "active": true
         },
         "LaserEmitterRendering": { },
         "PhysicsRayCast": {
            "end": [
               1.5,
               8
            ],
            "start": [
               1.5,
               1
            ]
         },
         "PowerInput": {
            "on": true
         },
         "Transform": {
            "pos": [
               1,
               1
            ],
            "rotation": 0
         }
      },
      "id": 0
   },
   {
      "components": {
         "Activation": {
            "active": true
         },
         "LaserEmitterRendering": { },
         "PhysicsRayCast": {
            "end": [
               2.5,
               8
            ],
            "start": [
               2.5,
               1
            ]
         },
         "PowerInput": {
            "on": true
         },
         "Transform": {
            "pos": [
               2,
               1
            ],
            "rotation": 0
         }
      },
      "id": 1
   },
   {
      "components": {
         "Activation": {
            "active": true
         },
         "LaserEmitterRendering": { },
         "PhysicsRayCast": {
            "end": [
               3.5,
               8
            ],
            "start": [
               3.5,
               1
            ]
         },
         "PowerInput": {
            "on": true
         },
         "Transform": {
            "pos": [
               3,
               1
            ],
            "rotation": 0
         }
      },
      "id": 2
   },
   {
      "components": {
         "Activation": {
            "active": true
         },
         "LaserEmitterRendering": { },
         "PhysicsRayCast": {
            "end": [
               4.5,
               8
            ],
            "start": [
               4.5,
               1
            ]
         },
         "PowerInput": {
            "on": true
         },
         "Transform": {
            "pos": [
               4,
               1
            ],
            "rotation": 0
         }
      },
      "id": 3
   },
   {
      "components": {
         "Activation": {
            "active": true
         },
         "LaserEmitterRendering": { },
         "PhysicsRayCast": {
            "end": [
               5.5,
               8
            ],
            "start": [
               5.5,
               1
            ]
         },
         "PowerInput": {
            "on": true
         },
         "Transform": {
            "pos": [
               5,
               1
            ],
            "rotation": 0
         }
      },
      "id": 4
   },
   {
      "components": {
         "Activation": {
            "active": true
         },
         "LaserEmitterRendering": { },
         "PhysicsRayCast": {
            "end": [
               6.5,
               8
            ],
            "start": [
               6.5,
               1
            ]
         },
         "PowerInput": {
            "on": true
         },
         "Transform": {
            "pos": [
               6,
               1
            ],
            "rotation": 0
         }
      },
      "id": 5
   },
   {
      "components": {
         "Activation": {
            "active": true
         },
         "LaserEmitterRendering": { },
         "PhysicsRayCast": {
            "end": [
               7.5,
               8
            ],
            "start": [
               7.5,
               1
            ]
         },
         "PowerInput": {
            "on": true
         },
         "Transform": {
            "pos": [
               7,
               1
            ],
            "rotation": 0
         }
      },
      "id": 6
   },
   {
      "components": {
         "Activation": {
            "active": true
         },
         "LaserEmitterRendering": { },
         "PhysicsRayCast": {
            "end": [
               8.5,
               8
            ],
            "start": [
               8.5,
               1
            ]
         },
         "PowerInput": {
            "on": true
         },
         "Transform": {
            "pos": [
               8,
               1
            ],
            "rotation": 0
         }
      },
      "id": 7
   },
   {
      "components": {
         "Activation": {
            "active": true
         },
         "LaserEmitterRendering": { },
         "PhysicsRayCast": {
            "end": [
               9.5,
               8
            ],
            "start": [
               9.5,
               1
            ]
         },
         "PowerInput": {
            "on": true
         },
         "Transform": {
            "pos": [
               9,
               1
            ],
            "rotation": 0
         }
      },
      "id": 8
   },
   {
      "components": {
         "Activation": {
            "active": true
         },
         "LaserEmitterRendering": { },
         "PhysicsRayCast": {
            "end": [
               10.5,
               8
            ],
            "start": [
               10.5,
               1
            ]
         },
         "PowerInput": {
            "on": true
         },
         "Transform": {
            "pos": [
               10,
               1
            ],
            "rotation": 0
         }
      },
      "id": 9
   },
   {
      "components": {
         "Activation": {
            "active": true
         },
         "LaserEmitterRendering": { },
         "PhysicsRayCast": {
            "end": [
               11.5,
               8
            ],
            "start": [
               11.5,
               1
            ]
         },
         "PowerInput": {
            "on": true
         },
         "Transform": {
            "pos": [
               11,
               1
            ],
            "rotation": 0
         }
      },
      "id": 10
   },
   {
      "components": {
         "Activation": {
            "active": true
         },
         "LaserEmitterRendering": { },
         "PhysicsRayCast": {
            "end": [
               12.5,
               8
            ],
            "start": [
               12.5,
               1
            ]
         },
         "PowerInput": {
            "on": true
         },
         "Transform": {
            "pos": [
               12,
               1
            ],
            "rotation": 0
         }
      },
      "id": 11
   },
   {
      "components": {
         "Activation": {
            "active": true
         },
         "LaserEmitterRendering": { },
         "PhysicsRayCast": {
            "end": [
               13.5,
               8
            ],
            "start": [
               13.5,
               1
            ]
         },
         "PowerInput": {
            "on": true
         },
         "Transform": {
            "pos": [
               13,
               1
            ],
            "rotation": 0
         }
      },
      "id": 12
   },
   {
      "components": {
         "Activation": {
            "active": true
         },
         "LaserEmitterRendering": { },
         "PhysicsRayCast": {
            "end": [
               14.5,
               8
            ],
            "start": [
               14.5,
               1
            ]
         },
         "PowerInput": {
            "on": true
         },
         "Transform": {
            "pos": [
               14,
               1
            ],
            "rotation": 0
         }
      },
      "id": 13
   },
   {
      "components": {
         "Activation": {
            "active": true
         },
         "LaserEmitterRendering": { },
         "PhysicsRayCast": {
            "end": [
               15.5,
               8
            ],
            "start": [
               15.5,
               1
            ]
         },
         "PowerInput": {
            "on": true
         },
         "Transform": {
            "pos": [
               15,
               1
            ],
            "rotation": 0
         }
      },
      "id": 14
   },
   {
      "components": {
         "Activation": {
            "active": true
         },
         "LaserEmitterRendering": { },
         "PhysicsRayCast": {
            "end": [
               16.5,
               8
            ],
            "start": [
               16.5,
               1
            ]
         },
         "PowerInput": {
            "on": true
         },
         "Transform": {
            "pos": [
               16,
               1
            ],
            "rotation": 0
         }
      },
      "id": 15
   },
   {
      "components": {
         "Activation": {
            "active": true
         },
         "LaserEmitterRendering": { },
         "PhysicsRayCast": {
            "end": [
               17.5,
               8
            ],
            "start": [
               17.5,
               1
            ]
         },
         "PowerInput": {
            "on": true
         },
         "Transform": {
            "pos": [
               17,
               1
            ],
            "rotation": 0
         }
      },
      "id": 16
   },
   {
      "components": {
         "Activation": {
            "active": true
         },
         "LaserEmitterRendering": { },
         "PhysicsRayCast": {
            "end": [
               18.5,
               8
            ],
            "start": [
               18.5,
               1
            ]
         },
         "PowerInput": {
            "on": true
         },
         "Transform": {
            "pos": [
               18,
               1
            ],
            "rotation": 0
         }
      },
      "id": 17
   },
   {
      "components": {
         "Activation": {
            "active": true
         },
         "LaserEmitterRendering": { },
         "PhysicsRayCast": {
            "end": [
               19.5,
               8
            ],
            "start": [
               19.5,
               1
            ]
         },
         "PowerInput": {
            "on": true
         },
         "Transform": {
            "pos": [
               19,
               1
            ],
            "rotation": 0
         }
      },
      "id": 18
   },
   {
      "components": {
         "Activation": {
            "active": true
         },
         "LaserEmitterRendering": { },
         "PhysicsRayCast": {
            "end": [
               20.5,
               8
            ],
            "start": [
               20.5,
               1
            ]
         },
         "PowerInput": {
            "on": true
         },
         "Transform": {
            "pos": [
               20,
               1
            ],
            "rotation": 0
         }
      },
      "id": 19
   },
   {
      "components": {
         "Activation": {
            "active": true
         },
         "LaserEmitterRendering": { },
         "PhysicsRayCast": {
            "end": [
               21.5,
               8
            ],
            "start": [
               21.5,
               1
            ]
         },
         "PowerInput": {
            "on": true
         },
         "Transform": {
            "pos": [
               21,
               1
            ],
            "rotation": 0
         }
      },
      "id": 20
   },
   {
      "components": {
         "Activation": {
            "active": true
         },
         "LaserEmitterRendering": { },
         "PhysicsRayCast": {
            "end": [
               22.5,
               8
            ],
            "start": [
               22.5,
               1
            ]
         },
         "PowerInput": {
            "on": true
         },
         "Transform": {
            "pos": [
               22,
               1
            ],
            "rotation": 0
         }
      },
      "id": 21
   },
   {
      "components": {
         "Activation": {
            "active": true
         },
         "LaserEmitterRendering": { },
         "PhysicsRayCast": {
            "end": [
               23.5,
               8
            ],
            "start": [
               23.5,
               1
            ]
         },
         "PowerInput": {
            "on": true
         },
         "Transform": {
            "pos": [
               23,
               1
            ],
            "rotation": 0
         }
      },
      "id": 22
   },
   {
      "components": {
         "Activation": {
            "active": true
         },
         "LaserEmitterRendering": { },
         "PhysicsRayCast": {
            "end": [
               24.5,
               8
            ],
            "start": [
               24.5,
               1
            ]
         },
         "PowerInput": {
            "on": true
         },
         "Transform": {
            "pos": [
               24,
               1
            ],
            "rotation": 0
         }
      },
      "id": 23
   },
   {
      "components": {
         "Activation": {
            "active": true
         },
         "LaserEmitterRendering": { },
         "PhysicsRayCast": {
            "end": [
               25.5,
               8
            ],
            "start": [
               25.5,
               1
            ]
         },
         "PowerInput": {
            "on": true
         },
         "Transform": {
            "pos": [
               25,
               1
            ],
            "rotation": 0
         }
      },
      "id": 24
   },
   {
      "components": {
         "Activation": {
            "active": true
         },
         "LaserEmitterRendering": { },
         "PhysicsRayCast": {
            "end": [
               26.5,
               8
            ],
            "start": [
               26.5,
               1
            ]
         },
         "PowerInput": {
            "on": true
         },
         "Transform": {
            "pos": [
               26,
               1
            ],
            "rotation": 0
         }
      },
      "id": 25
   },
   {
      "components": {
         "Activation": { },
         "LaserDetector": {
            "emitter": 0
         },
         "LaserDetectorRendering": { },
         "PowerOutput": { },
         "Transform": {
            "pos": [
               2,
               8
            ],
            "rotation": 180
         }
      },
      "id": 26
   },
   {
      "components": {
         "Activation": { },
         "LaserDetector": {
            "emitter": 1
         },
         "LaserDetectorRendering": { },
         "PowerOutput": { },
         "Transform": {
            "pos": [
               3,
               8
            ],
            "rotation": 180
         }
      },
      "id": 27
   },
   {
      "components": {
         "Activation": { },
         "LaserDetector": {
            "emitter": 2
         },
         "LaserDetectorRendering": { },
         "PowerOutput": { },
         "Transform": {
            "pos": [
               4,
               8
            ],
            "rotation": 180
         }
      },
      "id": 28
   },
   {
      "components": {
         "Activation": { },
         "LaserDetector": {
            "emitter": 3
         },
         "LaserDetectorRendering": { },
         "PowerOutput": { },
         "Transform": {
            "pos": [
               5,
               8
            ],
            "rotation": 180
         }
      },
      "id": 29
   },
   {
      "components": {
         "Activation": { },
         "LaserDetector": {
            "emitter": 4
         },
         "LaserDetectorRendering": { },
         "PowerOutput": { },
         "Transform": {
            "pos": [
               6,
               8
            ],
            "rotation": 180
         }
      },
      "id": 30
   },
   {
      "components": {
         "Activation": { },
         "LaserDetector": {
            "emitter": 5
         },
         "LaserDetectorRendering": { },
         "PowerOutput": { },
         "Transform": {
            "pos": [
               7,
               8
            ],
            "rotation": 180
         }
      },
      "id": 31
   },
   {
      "components": {
         "Activation": { },
         "LaserDetector": {
            "emitter": 6
         },
         "LaserDetectorRendering": { },
         "PowerOutput": { },
         "Transform": {
            "pos": [
               8,
               8
            ],
            "rotation": 180
         }
      },
      "id": 32
   },
   {
      "components": {
         "Activation": { },
         "LaserDetector": {
            "emitter": 7
         },
         "LaserDetectorRendering": { },
         "PowerOutput": { },
         "Transform": {
            "pos": [
               9,
               8
            ],
            "rotation": 180
         }
      },
      "id": 33
   },
   {
      "components": {
         "Activation": { },
         "LaserDetector": {
            "emitter": 8
         },
         "LaserDetectorRendering": { },
         "PowerOutput": { },
         "Transform": {
            "pos": [
               10,
               8
            ],
            "rotation": 180
         }
      },
      "id": 34
   },
   {
      "components": {
         "Activation": { },
         "LaserDetector": {
            "emitter": 9
         },
         "LaserDetectorRendering": { },
         "PowerOutput": { },
         "Transform": {
            "pos": [
               11,
               8
            ],
            "rotation": 180
         }
      },
      "id": 35
   },
   {
      "components": {
         "Activation": { },
         "LaserDetector": {
            "emitter": 10
         },
         "LaserDetectorRendering": { },
         "PowerOutput": { },
         "Transform": {
            "pos": [
               12,
               8
            ],
            "rotation": 180
         }
      },
      "id": 36
   },
   {
      "components": {
         "Activation": { },
         "LaserDetector": {
            "emitter": 11
         },
         "LaserDetectorRendering": { },
         "PowerOutput": { },
         "Transform": {
            "pos": [
               13,
               8
            ],
            "rotation": 180
         }
      },
      "id": 37
   },
   {
      "components": {
         "Activation": { },
         "LaserDetector": {
            "emitter": 12
         },
         "LaserDetectorRendering": { },
         "PowerOutput": { },
         "Transform": {
            "pos": [
               14,
               8
            ],
            "rotation": 180
         }
      },
      "id": 38
   },
   {
      "components": {
         "Activation": { },
         "LaserDetector": {
            "emitter": 13
         },
         "LaserDetectorRendering": { },
         "PowerOutput": { },
         "Transform": {
            "pos": [
               15,
               8
            ],
            "rotation": 180
         }
      },
      "id": 39
   },
   {
      "components": {
         "Activation": { },
         "LaserDetector": {
            "emitter": 14
         },
         "LaserDetectorRendering": { },
         "PowerOutput": { },
         "Transform": {
            "pos": [
               16,
               8
            ],
            "rotation": 180
         }
      },
      "id": 40
   },
   {
      "components": {
         "Activation": { },
         "LaserDetector": {
            "emitter": 15
         },
         "LaserDetectorRendering": { },
         "PowerOutput": { },
         "Transform": {
            "pos": [
               17,
               8
            ],
            "rotation": 180
         }
      },
      "id": 41
   },
   {
      "components": {
         "Activation": { },
         "LaserDetector": {
            "emitter": 16
         },
         "LaserDetectorRendering": { },
         "PowerOutput": { },
         "Transform": {
            "pos": [
               18,
               8
            ],
            "rotation": 180
         }
      },
      "id": 42
   },
   {
      "components": {
         "Activation": { },
         "LaserDetector": {
            "emitter": 17
         },
         "LaserDetectorRendering": { },
         "PowerOutput": { },
         "Transform": {
            "pos": [
               19,
               8
            ],
            "rotation": 180
         }
      },
      "id": 43
   },
   {
      "components": {
         "Activation": { },
         "LaserDetector": {
            "emitter": 18
         },
         "LaserDetectorRendering": { },
         "PowerOutput": { },
         "Transform": {
            "pos": [
               20,
               8
            ],
            "rotation": 180
         }
      },
      "id": 44
   },
   {
      "components": {
         "Activation": { },
         "LaserDetector": {
            "emitter": 19
         },
         "LaserDetectorRendering": { },
         "PowerOutput": { },
         "Transform": {
            "pos": [
               21,
               8
            ],
            "rotation": 180
         }
      },
      "id": 45
   },
   {
      "components": {
         "Activation": { },
         "LaserDetector": {
            "emitter": 20
         },
         "LaserDetectorRendering": { },
         "PowerOutput": { },
         "Transform": {
            "pos": [
               22,
               8
            ],
            "rotation": 180
         }
      },
      "id": 46
   },
   {
      "components": {
         "Activation": { },
         "LaserDetector": {
            "emitter": 21
         },
         "LaserDetectorRendering": { },
         "PowerOutput": { },
         "Transform": {
            "pos": [
               23,
               8
            ],
            "rotation": 180
         }
      },
      "id": 47
   },
   {
      "components": {
         "Activation": { },
         "LaserDetector": {
            "emitter": 22
         },
         "LaserDetectorRendering": { },
         "PowerOutput": { },
         "Transform": {
            "pos": [
               24,
               8
            ],
            "rotation": 180
         }
      },
      "id": 48
   },
   {
      "components": {
         "Activation": { },
         "LaserDetector": {
            "emitter": 23
         },
         "LaserDetectorRendering": { },
         "PowerOutput": { },
         "Transform": {
            "pos": [
               25,
               8
            ],
            "rotation": 180
         }
      },
      "id": 49
   },
   {
      "components": {
         "Activation": { },
         "LaserDetector": {
            "emitter": 24
         },
         "LaserDetectorRendering": { },
         "PowerOutput": { },
         "Transform": {
            "pos": [
               26,
               8
            ],
            "rotation": 180
         }
      },
      "id": 50
   },
   {
      "components": {
         "Activation": { },
         "LaserDetector": {
            "emitter": 25
         },
         "LaserDetectorRendering": { },
         "PowerOutput": { },
         "Transform": {
            "pos": [
               27,
               8
            ],
            "rotation": 180
         }
      },
      "id": 51
   },
   {
      "components": {
         "Activation": { },
         "MovingPlatform": {
            "end": [
               1,
               10
            ],
            "piston": true,
            "speed": 2,
            "start": [
               1,
               8
            ]
         },
         "MovingPlatformRendering": { },
         "PhysicsBody": {
            "body": "platform body.json",
            "pos": [
               1,
               8
            ],
            "scale": [
               1,
               2
            ]
         },
         "PowerInput": {
            "in": 26,
            "operator": "not"
         },
         "Transform": { }
      }
   },
   {
      "components": {
         "Activation": { },
         "MovingPlatform": {
            "end": [
               2,
               10
            ],
            "piston": true,
            "speed": 2,
            "start": [
               2,
               8
            ]
         },
         "MovingPlatformRendering": { },
         "PhysicsBody": {
            "body": "platform body.json",
            "pos": [
               2,
               8
            ],
            "scale": [
               1,
               2
            ]
         },
         "PowerInput": {
            "in": 27,
            "operator": "not"
         },
         "Transform": { }
      }
   },
   {
      "components": {
         "Activation": { },
         "MovingPlatform": {
            "end": [
               3,
               10
            ],
            "piston": true,
            "speed": 2,
            "start": [
               3,
               8
            ]
         },
         "MovingPlatformRendering": { },
         "PhysicsBody": {
            "body": "platform body.json",
            "pos": [
               3,
               8
            ],
            "scale": [
               1,
               2
            ]
         },
         "PowerInput": {
            "in": 28,
            "operator": "not"
         },
         "Transform": { }
      }
   },
   {
      "components": {
         "Activation": { },
         "MovingPlatform": {
            "end": [
               4,
               10
            ],
            "piston": true,
            "speed": 2,
            "start": [
               4,
               8
            ]
         },
         "MovingPlatformRendering": { },
         "PhysicsBody": {
            "body": "platform body.json",
            "pos": [
               4,
               8
            ],
            "scale": [
               1,
               2
            ]
         },
         "PowerInput": {
            "in": 29,
            "operator": "not"
         },
         "Transform": { }
      }
   },
   {
      "components": {
         "Activation": { },
         "MovingPlatform": {
            "end": [
               5,
               10
            ],
            "piston": true,
            "speed": 2,
            "start": [
               5,
               8
            ]
         },
         "MovingPlatformRendering": { },
         "PhysicsBody": {
            "body": "platform body.json",
            "pos": [
               5,
               8
            ],
            "scale": [
               1,
               2
            ]
         },
         "PowerInput": {
            "in": 30,
            "operator": "not"
         },
         "Transform": { }
      }
   },
   {
      "components": {
         "Activation": { },
         "MovingPlatform": {
            "end": [
               6,
               10
            ],
            "piston": true,
            "speed": 2,
            "start": [
               6,
               8
            ]
         },
         "MovingPlatformRendering": { },
         "PhysicsBody": {
            "body": "platform body.json",
            "pos": [
               6,
               8
            ],
            "scale": [
               1,
               2
            ]
         },
         "PowerInput": {
            "in": 31,
            "operator": "not"
         },
         "Transform": { }
      }
   },
   {
      "components": {
         "Activation": { },
         "MovingPlatform": {
            "end": [
               7,
               10
            ],
            "piston": true,
            "speed": 2,
            "start": [
               7,
               8
            ]
         },
         "MovingPlatformRendering": { },
         "PhysicsBody": {
            "body": "platform body.json",
            "pos": [
               7,
               8
            ],
            "scale": [
               1,
               2
            ]
         },
         "PowerInput": {
            "in": 32,
            "operator": "not"
         },
         "Transform": { }
      }
   },
   {
      "components": {
         "Activation": { },
         "MovingPlatform": {
            "end": [
               8,
               10
            ],
            "piston": true,
            "speed": 2,
            "start": [
               8,
               8
            ]
         },
         "MovingPlatformRendering": { },
         "PhysicsBody": {
            "body": "platform body.json",
            "pos": [
               8,
               8
            ],
            "scale": [
               1,
               2
            ]
         },
         "PowerInput": {
            "in": 33,
            "operator": "not"
         },
         "Transform": { }
      }
   },
   {
      "components": {
         "Activation": { },
         "MovingPlatform": {
            "end": [
               9,
               10
            ],
            "piston": true,
            "speed": 2,
            "start": [
               9,
               8
            ]
         },
         "MovingPlatformRendering": { },
         "PhysicsBody": {
            "body": "platform body.json",
            "pos": [
               9,
               8
            ],
            "scale": [
               1,
               2
            ]
         },
         "PowerInput": {
            "in": 34,
            "operator": "not"
         },
         "Transform": { }
      }
   },
   {
      "components": {
         "Activation": { },
         "MovingPlatform": {
            "end": [
               10,
               10
            ],
            "piston": true,
            "speed": 2,
            "start": [
               10,
               8
            ]
         },
         "MovingPlatformRendering": { },
         "PhysicsBody": {
            "body": "platform body.json",
            "pos": [
               10,
               8
            ],
            "scale": [
               1,
               2
            ]
         },
         "PowerInput": {
            "in": 35,
            "operator": "not"
         },
         "Transform": { }
      }
   },
   {
      "components": {
         "Activation": { },
         "MovingPlatform": {
            "end": [
               11,
               10
            ],
            "piston": true,
            "speed": 2,
            "start": [
               11,
               8
            ]
         },
         "MovingPlatformRendering": { },
         "PhysicsBody": {
            "body": "platform body.json",
            "pos": [
               11,
               8
            ],
            "scale": [
               1,
               2
            ]
         },
         "PowerInput": {
            "in": 36,
            "operator": "not"
         },
         "Transform": { }
      }
   },
   {
      "components": {
         "Activation": { },
         "MovingPlatform": {
            "end": [
               12,
               10
            ],
            "piston": true,
            "speed": 2,
            "start": [
               12,
               8
            ]
         },
         "MovingPlatformRendering": { },
         "PhysicsBody": {
            "body": "platform body.json",
            "pos": [
               12,
               8
            ],
            "scale": [
               1,
               2
            ]
         },
         "PowerInput": {
            "in": 37,
            "operator": "not"
         },
         "Transform": { }
      }
   },
   {
      "components": {
         "Activation": { },
         "MovingPlatform": {
            "end": [
               13,
               10
            ],
            "piston": true,
            "speed": 2,
            "start": [
               13,
               8
            ]
         },
         "MovingPlatformRendering": { },
         "PhysicsBody": {
            "body": "platform body.json",
            "pos": [
               13,
               8
            ],
            "scale": [
               1,
               2
            ]
         },
         "PowerInput": {
            "in": 38,
            "operator": "not"
         },
         "Transform": { }
      }
   },
   {
      "components": {
         "Activation": { },
         "MovingPlatform": {
            "end": [
               14,
               10
            ],
            "piston": true,
            "speed": 2,
            "start": [
               14,
               8
            ]
         },
         "MovingPlatformRendering": { },
         "PhysicsBody": {
            "body": "platform body.json",
            "pos": [
               14,
               8
            ],
            "scale": [
               1,
               2
            ]
         },
         "PowerInput": {
            "in": 39,
            "operator": "not"
         },
         "Transform": { }
      }
   },
   {
      "components": {
         "Activation": { },
         "MovingPlatform": {
            "end": [
               15,
               10
            ],
            "piston": true,
            "speed": 2,
            "start": [
               15,
               8
            ]
         },
         "MovingPlatformRendering": { },
         "PhysicsBody": {
            "body": "platform body.json",
            "pos": [
               15,
               8
            ],
            "scale": [
               1,
               2
            ]
         },
         "PowerInput": {
            "in": 40,
            "operator": "not"
         },
         "Transform": { }
      }
   },
   {
      "components": {
         "Activation": { },
         "MovingPlatform": {
            "end": [
               16,
               10
            ],
            "piston": true,
            "speed": 2,
            "start": [
               16,
               8
            ]
         },
         "MovingPlatformRendering": { },
         "PhysicsBody": {
            "body": "platform body.json",
            "pos": [
               16,
               8
            ],
            "scale": [
               1,
               2
            ]
         },
         "PowerInput": {
            "in": 41,
            "operator": "not"
         },
         "Transform": { }
      }
   },
   {
      "components": {
         "Activation": { },
         "MovingPlatform": {
            "end": [
               17,
               10
            ],
            "piston": true,
            "speed": 2,
            "start": [
               17,
               8
            ]
         },
         "MovingPlatformRendering": { },
         "PhysicsBody": {
            "body": "platform body.json",
            "pos": [
               17,
               8
            ],
            "scale": [
               1,
               2
            ]
         },
         "PowerInput": {
            "in": 42,
            "operator": "not"
         },
         "Transform": { }
      }
   },
   {
      "components": {
         "Activation": { },
         "MovingPlatform": {
            "end": [
               18,
               10
            ],
            "piston": true,
            "speed": 2,
            "start": [
               18,
               8
            ]
         },
         "MovingPlatformRendering": { },
         "PhysicsBody": {
            "body": "platform body.json",
            "pos": [
               18,
               8
            ],
            "scale": [
               1,
               2
            ]
         },
         "PowerInput": {
            "in": 43,
            "operator": "not"
         },
         "Transform": { }
      }
   },
   {
      "components": {
         "Activation": { },
         "MovingPlatform": {
            "end": [
               19,
               10
            ],
            "piston": true,
            "speed": 2,
            "start": [
               19,
               8
            ]
         },
         "MovingPlatformRendering": { },
         "PhysicsBody": {
            "body": "platform body.json",
            "pos": [
               19,
               8
            ],
            "scale": [
               1,
               2
            ]
         },
         "PowerInput": {
            "in": 44,
            "operator": "not"
         },
         "Transform": { }
      }
   },
   {
      "components": {
         "Activation": { },
         "MovingPlatform": {
            "end": [
               20,
               10
            ],
            "piston": true,
            "speed": 2,
            "start": [
               20,
               8
            ]
         },
         "MovingPlatformRendering": { },
         "PhysicsBody": {
            "body": "platform body.json",
            "pos": [
               20,
               8
            ],
            "scale": [
               1,
               2
            ]
         },
         "PowerInput": {
            "in": 45,
            "operator": "not"
         },
         "Transform": { }
      }
   },
   {
      "components": {
         "Activation": { },
         "MovingPlatform": {
            "end": [
               21,
               10
            ],
            "piston": true,
            "speed": 2,
            "start": [
               21,
               8
            ]
         },
         "MovingPlatformRendering": { },
         "PhysicsBody": {
            "body": "platform body.json",
            "pos": [
               21,
               8
            ],
            "scale": [
               1,
               2
            ]
         },
         "PowerInput": {
            "in": 46,
            "operator": "not"
         },
         "Transform": { }
      }
   },
   {
      "components": {
         "Activation": { },
         "MovingPlatform": {
            "end": [
               22,
               10
            ],
            "piston": true,
            "speed": 2,
            "start": [
               22,
               8
            ]
         },
         "MovingPlatformRendering": { },
         "PhysicsBody": {
            "body": "platform body.json",
            "pos": [
               22,
               8
            ],
            "scale": [
               1,
               2
            ]
         },
         "PowerInput": {
            "in": 47,
            "operator": "not"
         },
         "Transform": { }
      }
   },
   {
      "components": {
         "Activation": { },
         "MovingPlatform": {
            "end": [
               23,
               10
            ],
            "piston": true,
            "speed": 2,
            "start": [
               23,
               8
            ]
         },
         "MovingPlatformRendering": { },
         "PhysicsBody": {
            "body": "platform body.json",
            "pos": [
               23,
               8
            ],
            "scale": [
               1,
               2
            ]
         },
         "PowerInput": {
            "in": 48,
            "operator": "not"
         },
         "Transform": { }
      }
   },
   {
      "components": {
         "Activation": { },
         "MovingPlatform": {
            "end": [
               24,
               10
            ],
            "piston": true,
            "speed": 2,
            "start": [
               24,
               8
            ]
         },
         "MovingPlatformRendering": { },
         "PhysicsBody": {
            "body": "platform body.json",
            "pos": [
               24,
               8
            ],
            "scale": [
               1,
               2
            ]
         },
         "PowerInput": {
            "in": 49,
            "operator": "not"
         },
         "Transform": { }
      }
   },
   {
      "components": {
         "Activation": { },
         "MovingPlatform": {
            "end": [
               25,
               10
            ],
            "piston": true,
            "speed": 2,
            "start": [
               25,
               8
            ]
         },
         "MovingPlatformRendering": { },
         "PhysicsBody": {
            "body": "platform body.json",
            "pos": [
               25,
               8
            ],
            "scale": [
               1,
               2
            ]
         },
         "PowerInput": {
            "in": 50,
            "operator": "not"
         },
         "Transform": { }
      }
   },
   {
      "components": {
         "Activation": { },
         "MovingPlatform": {
            "end": [
               26,
               10
            ],
            "piston": true,
            "speed": 2,
            "start": [
               26,
               8
            ]
         },
         "MovingPlatformRendering": { },
         "PhysicsBody": {
            "body": "platform body.json",
            "pos": [
               26,
               8
            ],
            "scale": [
               1,
               2
            ]
         },
         "PowerInput": {
            "in": 51,
            "operator": "not"
         },
         "Transform": { }
      }
   },
   {
      "components": {
         "Activation": {
            "speed": 8
         },
         "Button": { },
         "ButtonRendering": { },
         "Collision": { },
         "PhysicsBody": {
            "body": "button body.json",
            "pos": [
               28,
               10
            ],
            "rotation": 0
         },
         "PowerOutput": { },
         "Transform": { }
      },
      "id": 52
   },
   {
      "components": {
         "Activation": {
            "speed": 8
         },
         "Button": { },
         "ButtonRendering": { },
         "Collision": { },
         "PhysicsBody": {
            "body": "button body.json",
            "pos": [
               29,
               10
            ],
            "rotation": 0
         },
         "PowerOutput": { },
         "Transform": { }
      },
      "id": 53
   },
   {
      "components": {
         "Activation": {
            "speed": 4
         },
         "Door": { },
         "DoorRendering": { },
         "PhysicsBody": {
            "body": "door body.json",
            "pos": [
               29,
               1
            ],
            "rotation": 0,
            "scale": [
               1,
               1
            ]
         },
         "PowerInput": {
            "in": [
               52,
               53
            ],
            "operator": "or"
         },
         "Transform": { }
      }
   }
]
