[
   {
      "components": {
         "PhysicsBody": {
            "body": "platform body.json",
            "pos": [
               0,
               0
            ],
            "scale": [
               32,
               7
            ]
         },
         "PlatformRendering": { },
         "Transform": { }
      }
   },
   {
      "components": {
         "PhysicsBody": {
            "body": "platform body.json",
            "pos": [
               0,
               7
            ],
            "scale": [
               9,
               4
            ]
         },
         "PlatformRendering": { },
         "Transform": { }
      }
   },
   {
      "components": {
         "PhysicsBody": {
            "body": "platform body.json",
            "pos": [
               0,
               11
            ],
            "scale": [
               32,
               7
            ]
         },
         "PlatformRendering": { },
         "Transform": { }
      }
   },
   {
      "components": {
         "PhysicsBody": {
            "body": "platform body.json",
            "pos": [
               23,
               7
            ],
            "scale": [
               9,
               4
            ]
         },
         "PlatformRendering": { },
         "Transform": { }
      }
   },
   {
      "components": {
         "PhysicsBody": {
            "body": "platform body.json",
            "pos": [
               13,
               8
            ],
            "scale": [
               10,
               1
            ]
         },
         "PlatformRendering": { },
         "Transform": { }
      }
   },
   {
      "components": {
         "PhysicsBody": {
            "body": "platform body.json",
            "pos": [
               17,
               9
            ],
            "scale": [
               2,
               2
            ]
         },
         "PlatformRendering": { },
         "Transform": { }
      }
   },
   {
      "components": {
         "Collision": { },
         "PhysicsBody": {
            "body": "player body.json",
            "pos": [
               9,
               7
            ]
         },
         "PlayerInput": { },
         "PlayerJump": { },
         "PlayerKeys": { },
         "PlayerRendering": { },
         "Transform": { }
      }
   },
   {
      "components": {
         "Activation": { },
         "Animation": {
            "speed": 1.5
         },
         "Collision": { },
         "Exit": { },
         "ExitRendering": { },
         "PhysicsBody": {
            "body": "sensor body.json",
            "pos": [
               22,
               7
            ]
         },
         "Transform": { }
      }
   },
   {
      "components": {
         "BoxRendering": { },
         "PhysicsBody": {
            "body": "box body.json",
            "pos": [
               19,
               9
            ]
         },
         "Transform": { }
      }
   },
   {
      "components": {
         "Activation": {
            "speed": 4
         },
         "Collision": { },
         "PhysicsBody": {
            "body": "sensor body.json",
            "pos": [
               16,
               9
            ],
            "rotation": 0
         },
         "PowerOutput": { },
         "Switch": { },
         "SwitchRendering": { },
         "Transform": { }
      }
   },
   {
      "components": {
         "Activation": {
            "speed": 8
         },
         "Button": { },
         "ButtonRendering": { },
         "Collision": { },
         "PhysicsBody": {
            "body": "button body.json",
            "pos": [
               22,
               9
            ],
            "rotation": 0
         },
         "PowerOutput": { },
         "Transform": { }
      }
   },
   {
      "components": {
         "Activation": {
            "speed": 4
         },
         "Collision": { },
         "PhysicsBody": {
            "body": "sensor body.json",
            "pos": [
               16,
               7
            ],
            "rotation": 0
         },
         "PowerOutput": { },
         "Switch": { },
         "SwitchRendering": { },
         "Transform": { }
      },
      "id": 0
   },
   {
      "components": {
         "Activation": {
            "speed": 8
         },
         "Button": { },
         "ButtonRendering": { },
         "Collision": { },
         "PhysicsBody": {
            "body": "button body.json",
            "pos": [
               19,
               9
            ],
            "rotation": 0
         },
         "PowerOutput": { },
         "Transform": { }
      },
      "id": 1
   },
   {
      "components": {
         "Activation": {
            "speed": 4
         },
         "Door": { },
         "DoorRendering": { },
         "PhysicsBody": {
            "body": "door body.json",
            "pos": [
               19,
               7
            ],
            "rotation": 0,
            "scale": [
               1,
               1
            ]
         },
         "PowerInput": {
            "in": [
               0,
               1
            ],
            "operator": "and"
         },
         "Transform": { }
      }
   },
   {
      "components": {
         "Activation": {
            "active": true
         },
         "LaserEmitterRendering": { },
         "PhysicsRayCast": {
            "end": [
               13,
               8.5
            ],
            "start": [
               9,
               8.5
            ]
         },
         "PowerInput": {
            "on": true
         },
         "Transform": {
            "pos": [
               9,
               9
            ],
            "rotation": 270
         }
      },
      "id": 2
   },
   {
      "components": {
         "Activation": { },
         "LaserDetector": {
            "emitter": 2
         },
         "LaserDetectorRendering": { },
         "PowerOutput": { },
         "Transform": {
            "pos": [
               13,
               8
            ],
            "rotation": 90
         }
      },
      "id": 3
   },
   {
      "components": {
         "Activation": { },
         "MovingPlatform": {
            "end": [
               19,
               9
            ],
            "speed": 10,
            "start": [
               18,
               9
            ]
         },
         "MovingPlatformRendering": { },
         "PhysicsBody": {
            "body": "platform body.json",
            "pos": [
               18,
               9
            ],
            "scale": [
               1,
               2
            ]
         },
         "PowerInput": {
            "in": 3,
            "operator": "not"
         },
         "Transform": { }
      }
   },
   {
      "components": {
         "Text": "Press R to reload the level",
         "TextRendering": {
            "font": "Arial.ttf",
            "hori align": "center",
            "size": 32,
            "vert align": "middle"
         },
         "Transform": {
            "pos": [
               16,
               13
            ]
         }
      }
   }
]
