[
   {
      "components": {
         "PhysicsBody": {
            "body": "platform body.json",
            "pos": [
               0,
               0
            ],
            "scale": [
               32,
               8
            ]
         },
         "PlatformRendering": { },
         "Transform": { }
      }
   },
   {
      "components": {
         "PhysicsBody": {
            "body": "platform body.json",
            "pos": [
               0,
               10
            ],
            "scale": [
               32,
               8
            ]
         },
         "PlatformRendering": { },
         "Transform": { }
      }
   },
   {
      "components": {
         "PhysicsBody": {
            "body": "platform body.json",
            "pos": [
               0,
               8
            ],
            "scale": [
               1,
               2
            ]
         },
         "PlatformRendering": { },
         "Transform": { }
      }
   },
   {
      "components": {
         "PhysicsBody": {
            "body": "platform body.json",
            "pos": [
               31,
               8
            ],
            "scale": [
               1,
               2
            ]
         },
         "PlatformRendering": { },
         "Transform": { }
      }
   },
   {
      "components": {
         "Collision": { },
         "PhysicsBody": {
            "body": "player body.json",
            "pos": [
               1,
               8
            ]
         },
         "PlayerInput": { },
         "PlayerJump": { },
         "PlayerKeys": { },
         "PlayerRendering": { },
         "Transform": { }
      }
   },
   {
      "components": {
         "Activation": { },
         "Animation": {
            "speed": 1.5
         },
         "Collision": { },
         "Exit": { },
         "ExitRendering": { },
         "PhysicsBody": {
            "body": "sensor body.json",
            "pos": [
               30,
               8
            ]
         },
         "Transform": { }
      }
   },
   {
      "components": {
         "Text": "Press A and D or left and right to move",
         "TextRendering": {
            "font": "Arial.ttf",
            "hori align": "center",
            "size": 32,
            "vert align": "middle"
         },
         "Transform": {
            "pos": [
               16,
               11
            ]
         }
      }
   }
]
